emp_id,p_id,year,month,day,hour
5,0,2023,5,4,10
5,0,2023,5,5,13
5,0,2023,5,6,16
5,0,2023,5,7,16
5,0,2023,5,8,11
5,0,2023,5,9,16
5,0,2023,5,10,16
5,0,2023,5,11,14
5,0,2023,5,12,12
5,0,2023,5,13,17
5,0,2023,5,14,12
5,0,2023,5,15,12
5,0,2023,5,16,14
5,0,2023,5,17,10
5,0,2023,5,18,10
5,0,2023,5,19,14
5,0,2023,5,20,12
5,0,2023,5,21,10
5,0,2023,5,22,16
5,0,2023,5,23,14
5,0,2023,5,4,16
5,0,2023,5,5,12
5,0,2023,5,6,14
5,0,2023,5,7,17
5,0,2023,5,9,15
5,0,2023,5,10,14
5,0,2023,5,11,15
5,0,2023,5,12,10
5,0,2023,5,13,14
5,0,2023,5,14,13
5,0,2023,5,15,16
5,0,2023,5,17,12
5,0,2023,5,18,13
5,0,2023,5,19,10
5,0,2023,5,20,13
5,0,2023,5,21,14
5,0,2023,5,22,13
5,0,2023,5,23,17
5,0,2023,5,5,14
5,0,2023,5,8,16
5,0,2023,5,9,14
5,0,2023,5,10,13
5,0,2023,5,12,17
5,0,2023,5,13,11
5,0,2023,5,14,10
5,0,2023,5,15,13
5,0,2023,5,16,16
5,0,2023,5,18,15
5,0,2023,5,20,16
5,0,2023,5,21,17
5,0,2023,5,22,11
5,0,2023,5,23,16
5,0,2023,5,4,12
5,0,2023,5,5,16
5,0,2023,5,6,15
5,0,2023,5,7,14
5,0,2023,5,8,14
5,0,2023,5,10,17
5,0,2023,5,11,17
5,0,2023,5,13,10
5,0,2023,5,15,17
5,0,2023,5,16,15
5,0,2023,5,17,16
5,0,2023,5,19,13